"filename", "language", "Markdown", "JSON", "JavaScript", "YAML", "Ignore", "TypeScript", "XML", "TypeScript JSX", "JSON with Comments", "PostCSS", "Groovy", "Docker", "HTML", "comment", "blank", "total"
"e:\Projects\Nextjs-projects\icstudio\README.md", "Markdown", 21, 0, 0, 0, 0, 0, 0, 0, 0, 0, 0, 0, 0, 0, 10, 31
"e:\Projects\Nextjs-projects\icstudio\icstudio\.VSCodeCounter\2025-04-01_18-48-14\details.md", "Markdown", 97, 0, 0, 0, 0, 0, 0, 0, 0, 0, 0, 0, 0, 0, 6, 103
"e:\Projects\Nextjs-projects\icstudio\icstudio\.VSCodeCounter\2025-04-01_18-48-14\diff-details.md", "Markdown", 9, 0, 0, 0, 0, 0, 0, 0, 0, 0, 0, 0, 0, 0, 6, 15
"e:\Projects\Nextjs-projects\icstudio\icstudio\.VSCodeCounter\2025-04-01_18-48-14\diff.md", "Markdown", 12, 0, 0, 0, 0, 0, 0, 0, 0, 0, 0, 0, 0, 0, 7, 19
"e:\Projects\Nextjs-projects\icstudio\icstudio\.VSCodeCounter\2025-04-01_18-48-14\results.json", "JSON", 0, 1, 0, 0, 0, 0, 0, 0, 0, 0, 0, 0, 0, 0, 0, 1
"e:\Projects\Nextjs-projects\icstudio\icstudio\.VSCodeCounter\2025-04-01_18-48-14\results.md", "Markdown", 66, 0, 0, 0, 0, 0, 0, 0, 0, 0, 0, 0, 0, 0, 7, 73
"e:\Projects\Nextjs-projects\icstudio\icstudio\.prettierignore", "Ignore", 0, 0, 0, 0, 2, 0, 0, 0, 0, 0, 0, 0, 0, 1, 0, 3
"e:\Projects\Nextjs-projects\icstudio\icstudio\.prettierrc", "JSON", 0, 3, 0, 0, 0, 0, 0, 0, 0, 0, 0, 0, 0, 0, 1, 4
"e:\Projects\Nextjs-projects\icstudio\icstudio\Dockerfile", "Docker", 0, 0, 0, 0, 0, 0, 0, 0, 0, 0, 0, 20, 0, 14, 14, 48
"e:\Projects\Nextjs-projects\icstudio\icstudio\Jenkinsfile", "Groovy", 0, 0, 0, 0, 0, 0, 0, 0, 0, 0, 92, 0, 0, 8, 13, 113
"e:\Projects\Nextjs-projects\icstudio\icstudio\README.md", "Markdown", 23, 0, 0, 0, 0, 0, 0, 0, 0, 0, 0, 0, 0, 0, 14, 37
"e:\Projects\Nextjs-projects\icstudio\icstudio\components.json", "JSON", 0, 21, 0, 0, 0, 0, 0, 0, 0, 0, 0, 0, 0, 0, 0, 21
"e:\Projects\Nextjs-projects\icstudio\icstudio\docker-compose.yml", "YAML", 0, 0, 0, 40, 0, 0, 0, 0, 0, 0, 0, 0, 0, 0, 5, 45
"e:\Projects\Nextjs-projects\icstudio\icstudio\eslint.config.mjs", "JavaScript", 0, 0, 12, 0, 0, 0, 0, 0, 0, 0, 0, 0, 0, 0, 5, 17
"e:\Projects\Nextjs-projects\icstudio\icstudio\next.config.ts", "TypeScript", 0, 0, 0, 0, 0, 4, 0, 0, 0, 0, 0, 0, 0, 1, 3, 8
"e:\Projects\Nextjs-projects\icstudio\icstudio\package-lock.json", "JSON", 0, 5757, 0, 0, 0, 0, 0, 0, 0, 0, 0, 0, 0, 0, 1, 5758
"e:\Projects\Nextjs-projects\icstudio\icstudio\package.json", "JSON", 0, 82, 0, 0, 0, 0, 0, 0, 0, 0, 0, 0, 0, 0, 1, 83
"e:\Projects\Nextjs-projects\icstudio\icstudio\pnpm-lock.yaml", "YAML", 0, 0, 0, 4653, 0, 0, 0, 0, 0, 0, 0, 0, 0, 0, 1104, 5757
"e:\Projects\Nextjs-projects\icstudio\icstudio\postcss.config.mjs", "JavaScript", 0, 0, 4, 0, 0, 0, 0, 0, 0, 0, 0, 0, 0, 0, 2, 6
"e:\Projects\Nextjs-projects\icstudio\icstudio\public\file.svg", "XML", 0, 0, 0, 0, 0, 0, 1, 0, 0, 0, 0, 0, 0, 0, 0, 1
"e:\Projects\Nextjs-projects\icstudio\icstudio\public\globe.svg", "XML", 0, 0, 0, 0, 0, 0, 1, 0, 0, 0, 0, 0, 0, 0, 0, 1
"e:\Projects\Nextjs-projects\icstudio\icstudio\public\logo\logo-t.svg", "XML", 0, 0, 0, 0, 0, 0, 536, 0, 0, 0, 0, 0, 0, 0, 1, 537
"e:\Projects\Nextjs-projects\icstudio\icstudio\public\logo\loome-b-logo.svg", "XML", 0, 0, 0, 0, 0, 0, 91, 0, 0, 0, 0, 0, 0, 0, 1, 92
"e:\Projects\Nextjs-projects\icstudio\icstudio\public\logo\loome-w-logo.svg", "XML", 0, 0, 0, 0, 0, 0, 993, 0, 0, 0, 0, 0, 0, 0, 1, 994
"e:\Projects\Nextjs-projects\icstudio\icstudio\public\next.svg", "XML", 0, 0, 0, 0, 0, 0, 1, 0, 0, 0, 0, 0, 0, 0, 0, 1
"e:\Projects\Nextjs-projects\icstudio\icstudio\public\vercel.svg", "XML", 0, 0, 0, 0, 0, 0, 1, 0, 0, 0, 0, 0, 0, 0, 0, 1
"e:\Projects\Nextjs-projects\icstudio\icstudio\public\window.svg", "XML", 0, 0, 0, 0, 0, 0, 1, 0, 0, 0, 0, 0, 0, 0, 0, 1
"e:\Projects\Nextjs-projects\icstudio\icstudio\src\app\(auth)\login\page.tsx", "TypeScript JSX", 0, 0, 0, 0, 0, 0, 0, 144, 0, 0, 0, 0, 0, 2, 17, 163
"e:\Projects\Nextjs-projects\icstudio\icstudio\src\app\(auth)\register\page.tsx", "TypeScript JSX", 0, 0, 0, 0, 0, 0, 0, 262, 0, 0, 0, 0, 0, 2, 26, 290
"e:\Projects\Nextjs-projects\icstudio\icstudio\src\app\admin\invite\page.tsx", "TypeScript JSX", 0, 0, 0, 0, 0, 0, 0, 150, 0, 0, 0, 0, 0, 5, 9, 164
"e:\Projects\Nextjs-projects\icstudio\icstudio\src\app\admin\layout.tsx", "TypeScript JSX", 0, 0, 0, 0, 0, 0, 0, 9, 0, 0, 0, 0, 0, 0, 2, 11
"e:\Projects\Nextjs-projects\icstudio\icstudio\src\app\admin\page.tsx", "TypeScript JSX", 0, 0, 0, 0, 0, 0, 0, 8, 0, 0, 0, 0, 0, 1, 2, 11
"e:\Projects\Nextjs-projects\icstudio\icstudio\src\app\api\about\route.ts", "TypeScript", 0, 0, 0, 0, 0, 29, 0, 0, 0, 0, 0, 0, 0, 0, 5, 34
"e:\Projects\Nextjs-projects\icstudio\icstudio\src\app\api\admin\invite\route.ts", "TypeScript", 0, 0, 0, 0, 0, 124, 0, 0, 0, 0, 0, 0, 0, 6, 21, 151
"e:\Projects\Nextjs-projects\icstudio\icstudio\src\app\api\auth\[...nextauth]\route.ts", "TypeScript", 0, 0, 0, 0, 0, 107, 0, 0, 0, 0, 0, 0, 0, 6, 14, 127
"e:\Projects\Nextjs-projects\icstudio\icstudio\src\app\api\auth\login\route.ts", "TypeScript", 0, 0, 0, 0, 0, 79, 0, 0, 0, 0, 0, 0, 0, 5, 12, 96
"e:\Projects\Nextjs-projects\icstudio\icstudio\src\app\api\auth\register\route.ts", "TypeScript", 0, 0, 0, 0, 0, 98, 0, 0, 0, 0, 0, 0, 0, 7, 15, 120
"e:\Projects\Nextjs-projects\icstudio\icstudio\src\app\api\auth\session\route.ts", "TypeScript", 0, 0, 0, 0, 0, 75, 0, 0, 0, 0, 0, 0, 0, 4, 14, 93
"e:\Projects\Nextjs-projects\icstudio\icstudio\src\app\api\auth\update-profile\route.ts", "TypeScript", 0, 0, 0, 0, 0, 132, 0, 0, 0, 0, 0, 0, 0, 10, 17, 159
"e:\Projects\Nextjs-projects\icstudio\icstudio\src\app\api\auth\upload-avatar\route.ts", "TypeScript", 0, 0, 0, 0, 0, 123, 0, 0, 0, 0, 0, 0, 0, 11, 18, 152
"e:\Projects\Nextjs-projects\icstudio\icstudio\src\app\api\auth\user\route.ts", "TypeScript", 0, 0, 0, 0, 0, 94, 0, 0, 0, 0, 0, 0, 0, 3, 15, 112
"e:\Projects\Nextjs-projects\icstudio\icstudio\src\app\api\auth\verify-code\route.ts", "TypeScript", 0, 0, 0, 0, 0, 33, 0, 0, 0, 0, 0, 0, 0, 6, 7, 46
"e:\Projects\Nextjs-projects\icstudio\icstudio\src\app\globals.css", "PostCSS", 0, 0, 0, 0, 0, 0, 0, 0, 0, 117, 0, 0, 0, 0, 6, 123
"e:\Projects\Nextjs-projects\icstudio\icstudio\src\app\home\aboutus\page.tsx", "TypeScript JSX", 0, 0, 0, 0, 0, 0, 0, 129, 0, 0, 0, 0, 0, 3, 14, 146
"e:\Projects\Nextjs-projects\icstudio\icstudio\src\app\home\layout.tsx", "TypeScript JSX", 0, 0, 0, 0, 0, 0, 0, 13, 0, 0, 0, 0, 0, 0, 4, 17
"e:\Projects\Nextjs-projects\icstudio\icstudio\src\app\home\page.tsx", "TypeScript JSX", 0, 0, 0, 0, 0, 0, 0, 79, 0, 0, 0, 0, 0, 9, 10, 98
"e:\Projects\Nextjs-projects\icstudio\icstudio\src\app\home\profile\page.tsx", "TypeScript JSX", 0, 0, 0, 0, 0, 0, 0, 847, 0, 0, 0, 0, 0, 36, 81, 964
"e:\Projects\Nextjs-projects\icstudio\icstudio\src\app\layout.tsx", "TypeScript JSX", 0, 0, 0, 0, 0, 0, 0, 44, 0, 0, 0, 0, 0, 0, 6, 50
"e:\Projects\Nextjs-projects\icstudio\icstudio\src\app\loome\layout.tsx", "TypeScript JSX", 0, 0, 0, 0, 0, 0, 0, 0, 0, 0, 0, 0, 0, 0, 1, 1
"e:\Projects\Nextjs-projects\icstudio\icstudio\src\app\loome\page.tsx", "TypeScript JSX", 0, 0, 0, 0, 0, 0, 0, 0, 0, 0, 0, 0, 0, 0, 1, 1
"e:\Projects\Nextjs-projects\icstudio\icstudio\src\app\page.tsx", "TypeScript JSX", 0, 0, 0, 0, 0, 0, 0, 6, 0, 0, 0, 0, 0, 1, 3, 10
"e:\Projects\Nextjs-projects\icstudio\icstudio\src\app\providers.tsx", "TypeScript JSX", 0, 0, 0, 0, 0, 0, 0, 5, 0, 0, 0, 0, 0, 0, 2, 7
"e:\Projects\Nextjs-projects\icstudio\icstudio\src\components\3d-marquee.tsx", "TypeScript JSX", 0, 0, 0, 0, 0, 0, 0, 42, 0, 0, 0, 0, 0, 0, 3, 45
"e:\Projects\Nextjs-projects\icstudio\icstudio\src\components\layout\admin\admin-layout.tsx", "TypeScript JSX", 0, 0, 0, 0, 0, 0, 0, 47, 0, 0, 0, 0, 0, 0, 7, 54
"e:\Projects\Nextjs-projects\icstudio\icstudio\src\components\layout\admin\header\header.tsx", "TypeScript JSX", 0, 0, 0, 0, 0, 0, 0, 30, 0, 0, 0, 0, 0, 0, 4, 34
"e:\Projects\Nextjs-projects\icstudio\icstudio\src\components\layout\admin\header\notification-dropdown.tsx", "TypeScript JSX", 0, 0, 0, 0, 0, 0, 0, 37, 0, 0, 0, 0, 0, 1, 2, 40
"e:\Projects\Nextjs-projects\icstudio\icstudio\src\components\layout\admin\header\user-nav.tsx", "TypeScript JSX", 0, 0, 0, 0, 0, 0, 0, 48, 0, 0, 0, 0, 0, 0, 3, 51
"e:\Projects\Nextjs-projects\icstudio\icstudio\src\components\layout\admin\sidebar\desktop-sidebar.tsx", "TypeScript JSX", 0, 0, 0, 0, 0, 0, 0, 39, 0, 0, 0, 0, 0, 0, 4, 43
"e:\Projects\Nextjs-projects\icstudio\icstudio\src\components\layout\admin\sidebar\mobile-sidebar.tsx", "TypeScript JSX", 0, 0, 0, 0, 0, 0, 0, 26, 0, 0, 0, 0, 0, 0, 4, 30
"e:\Projects\Nextjs-projects\icstudio\icstudio\src\components\layout\admin\sidebar\nav-link.tsx", "TypeScript JSX", 0, 0, 0, 0, 0, 0, 0, 37, 0, 0, 0, 0, 0, 0, 4, 41
"e:\Projects\Nextjs-projects\icstudio\icstudio\src\components\layout\loome\loome-nav-mobile.tsx", "TypeScript JSX", 0, 0, 0, 0, 0, 0, 0, 127, 0, 0, 0, 0, 0, 1, 8, 136
"e:\Projects\Nextjs-projects\icstudio\icstudio\src\components\layout\loome\loome-nav.tsx", "TypeScript JSX", 0, 0, 0, 0, 0, 0, 0, 292, 0, 0, 0, 0, 0, 7, 17, 316
"e:\Projects\Nextjs-projects\icstudio\icstudio\src\components\layout\team\header.tsx", "TypeScript JSX", 0, 0, 0, 0, 0, 0, 0, 4, 0, 0, 0, 0, 0, 0, 2, 6
"e:\Projects\Nextjs-projects\icstudio\icstudio\src\components\layout\team\team-layout.tsx", "TypeScript JSX", 0, 0, 0, 0, 0, 0, 0, 0, 0, 0, 0, 0, 0, 0, 1, 1
"e:\Projects\Nextjs-projects\icstudio\icstudio\src\components\magicui\magic-card.tsx", "TypeScript JSX", 0, 0, 0, 0, 0, 0, 0, 97, 0, 0, 0, 0, 0, 0, 12, 109
"e:\Projects\Nextjs-projects\icstudio\icstudio\src\components\magicui\shine-border.tsx", "TypeScript JSX", 0, 0, 0, 0, 0, 0, 0, 40, 0, 0, 0, 0, 0, 17, 5, 62
"e:\Projects\Nextjs-projects\icstudio\icstudio\src\components\mailbox.tsx", "TypeScript JSX", 0, 0, 0, 0, 0, 0, 0, 70, 0, 0, 0, 0, 0, 5, 6, 81
"e:\Projects\Nextjs-projects\icstudio\icstudio\src\components\main-page\hero-page.tsx", "TypeScript JSX", 0, 0, 0, 0, 0, 0, 0, 267, 0, 0, 0, 0, 0, 0, 32, 299
"e:\Projects\Nextjs-projects\icstudio\icstudio\src\components\main-page\self-introduce.tsx", "TypeScript JSX", 0, 0, 0, 0, 0, 0, 0, 16, 0, 0, 0, 0, 0, 0, 3, 19
"e:\Projects\Nextjs-projects\icstudio\icstudio\src\components\mobile-nav.tsx", "TypeScript JSX", 0, 0, 0, 0, 0, 0, 0, 131, 0, 0, 0, 0, 0, 1, 8, 140
"e:\Projects\Nextjs-projects\icstudio\icstudio\src\components\nav.tsx", "TypeScript JSX", 0, 0, 0, 0, 0, 0, 0, 304, 0, 0, 0, 0, 0, 11, 19, 334
"e:\Projects\Nextjs-projects\icstudio\icstudio\src\components\profile-card.tsx", "TypeScript JSX", 0, 0, 0, 0, 0, 0, 0, 160, 0, 0, 0, 0, 0, 12, 17, 189
"e:\Projects\Nextjs-projects\icstudio\icstudio\src\components\providers\NextAuthProvider.tsx", "TypeScript JSX", 0, 0, 0, 0, 0, 0, 0, 5, 0, 0, 0, 0, 0, 0, 2, 7
"e:\Projects\Nextjs-projects\icstudio\icstudio\src\components\starry-background.tsx", "TypeScript JSX", 0, 0, 0, 0, 0, 0, 0, 55, 0, 0, 0, 0, 0, 6, 16, 77
"e:\Projects\Nextjs-projects\icstudio\icstudio\src\components\theme-provider.tsx", "TypeScript JSX", 0, 0, 0, 0, 0, 0, 0, 9, 0, 0, 0, 0, 0, 0, 3, 12
"e:\Projects\Nextjs-projects\icstudio\icstudio\src\components\theme-toggle.tsx", "TypeScript JSX", 0, 0, 0, 0, 0, 0, 0, 30, 0, 0, 0, 0, 0, 0, 5, 35
"e:\Projects\Nextjs-projects\icstudio\icstudio\src\components\ui\3d-marquee.tsx", "TypeScript JSX", 0, 0, 0, 0, 0, 0, 0, 138, 0, 0, 0, 0, 0, 1, 4, 143
"e:\Projects\Nextjs-projects\icstudio\icstudio\src\components\ui\alert.tsx", "TypeScript JSX", 0, 0, 0, 0, 0, 0, 0, 53, 0, 0, 0, 0, 0, 0, 6, 59
"e:\Projects\Nextjs-projects\icstudio\icstudio\src\components\ui\animated-testimonials.tsx", "TypeScript JSX", 0, 0, 0, 0, 0, 0, 0, 162, 0, 0, 0, 0, 0, 0, 11, 173
"e:\Projects\Nextjs-projects\icstudio\icstudio\src\components\ui\aurora-background.tsx", "TypeScript JSX", 0, 0, 0, 0, 0, 0, 0, 56, 0, 0, 0, 0, 0, 1, 5, 62
"e:\Projects\Nextjs-projects\icstudio\icstudio\src\components\ui\avatar.tsx", "TypeScript JSX", 0, 0, 0, 0, 0, 0, 0, 47, 0, 0, 0, 0, 0, 0, 7, 54
"e:\Projects\Nextjs-projects\icstudio\icstudio\src\components\ui\badge.tsx", "TypeScript JSX", 0, 0, 0, 0, 0, 0, 0, 41, 0, 0, 0, 0, 0, 0, 6, 47
"e:\Projects\Nextjs-projects\icstudio\icstudio\src\components\ui\button.tsx", "TypeScript JSX", 0, 0, 0, 0, 0, 0, 0, 54, 0, 0, 0, 0, 0, 0, 6, 60
"e:\Projects\Nextjs-projects\icstudio\icstudio\src\components\ui\card.tsx", "TypeScript JSX", 0, 0, 0, 0, 0, 0, 0, 83, 0, 0, 0, 0, 0, 0, 10, 93
"e:\Projects\Nextjs-projects\icstudio\icstudio\src\components\ui\checkbox.tsx", "TypeScript JSX", 0, 0, 0, 0, 0, 0, 0, 28, 0, 0, 0, 0, 0, 0, 5, 33
"e:\Projects\Nextjs-projects\icstudio\icstudio\src\components\ui\dialog.tsx", "TypeScript JSX", 0, 0, 0, 0, 0, 0, 0, 122, 0, 0, 0, 0, 0, 0, 14, 136
"e:\Projects\Nextjs-projects\icstudio\icstudio\src\components\ui\dropdown-menu.tsx", "TypeScript JSX", 0, 0, 0, 0, 0, 0, 0, 239, 0, 0, 0, 0, 0, 0, 19, 258
"e:\Projects\Nextjs-projects\icstudio\icstudio\src\components\ui\input.tsx", "TypeScript JSX", 0, 0, 0, 0, 0, 0, 0, 18, 0, 0, 0, 0, 0, 0, 4, 22
"e:\Projects\Nextjs-projects\icstudio\icstudio\src\components\ui\label.tsx", "TypeScript JSX", 0, 0, 0, 0, 0, 0, 0, 20, 0, 0, 0, 0, 0, 0, 5, 25
"e:\Projects\Nextjs-projects\icstudio\icstudio\src\components\ui\logo.tsx", "TypeScript JSX", 0, 0, 0, 0, 0, 0, 0, 18, 0, 0, 0, 0, 0, 0, 3, 21
"e:\Projects\Nextjs-projects\icstudio\icstudio\src\components\ui\progress.tsx", "TypeScript JSX", 0, 0, 0, 0, 0, 0, 0, 27, 0, 0, 0, 0, 0, 0, 5, 32
"e:\Projects\Nextjs-projects\icstudio\icstudio\src\components\ui\scroll-area.tsx", "TypeScript JSX", 0, 0, 0, 0, 0, 0, 0, 53, 0, 0, 0, 0, 0, 0, 6, 59
"e:\Projects\Nextjs-projects\icstudio\icstudio\src\components\ui\select.tsx", "TypeScript JSX", 0, 0, 0, 0, 0, 0, 0, 172, 0, 0, 0, 0, 0, 0, 14, 186
"e:\Projects\Nextjs-projects\icstudio\icstudio\src\components\ui\sheet.tsx", "TypeScript JSX", 0, 0, 0, 0, 0, 0, 0, 126, 0, 0, 0, 0, 0, 0, 14, 140
"e:\Projects\Nextjs-projects\icstudio\icstudio\src\components\ui\starry-background.tsx", "TypeScript JSX", 0, 0, 0, 0, 0, 0, 0, 86, 0, 0, 0, 0, 0, 0, 20, 106
"e:\Projects\Nextjs-projects\icstudio\icstudio\src\components\ui\switch.tsx", "TypeScript JSX", 0, 0, 0, 0, 0, 0, 0, 27, 0, 0, 0, 0, 0, 0, 5, 32
"e:\Projects\Nextjs-projects\icstudio\icstudio\src\components\ui\table.tsx", "TypeScript JSX", 0, 0, 0, 0, 0, 0, 0, 105, 0, 0, 0, 0, 0, 0, 12, 117
"e:\Projects\Nextjs-projects\icstudio\icstudio\src\components\ui\tabs.tsx", "TypeScript JSX", 0, 0, 0, 0, 0, 0, 0, 59, 0, 0, 0, 0, 0, 0, 8, 67
"e:\Projects\Nextjs-projects\icstudio\icstudio\src\components\ui\textarea.tsx", "TypeScript JSX", 0, 0, 0, 0, 0, 0, 0, 15, 0, 0, 0, 0, 0, 0, 4, 19
"e:\Projects\Nextjs-projects\icstudio\icstudio\src\config\admin-menu.ts", "TypeScript", 0, 0, 0, 0, 0, 47, 0, 0, 0, 0, 0, 0, 0, 0, 1, 48
"e:\Projects\Nextjs-projects\icstudio\icstudio\src\config\team-menu.ts", "TypeScript", 0, 0, 0, 0, 0, 29, 0, 0, 0, 0, 0, 0, 0, 0, 2, 31
"e:\Projects\Nextjs-projects\icstudio\icstudio\src\data\introduce.ts", "TypeScript", 0, 0, 0, 0, 0, 42, 0, 0, 0, 0, 0, 0, 0, 0, 3, 45
"e:\Projects\Nextjs-projects\icstudio\icstudio\src\data\navigation.ts", "TypeScript", 0, 0, 0, 0, 0, 43, 0, 0, 0, 0, 0, 0, 0, 0, 1, 44
"e:\Projects\Nextjs-projects\icstudio\icstudio\src\hooks\use-media-query.ts", "TypeScript", 0, 0, 0, 0, 0, 15, 0, 0, 0, 0, 0, 0, 0, 0, 4, 19
"e:\Projects\Nextjs-projects\icstudio\icstudio\src\hooks\use-session.ts", "TypeScript", 0, 0, 0, 0, 0, 10, 0, 0, 0, 0, 0, 0, 0, 1, 3, 14
"e:\Projects\Nextjs-projects\icstudio\icstudio\src\hooks\use-sidebar-menu.ts", "TypeScript", 0, 0, 0, 0, 0, 15, 0, 0, 0, 0, 0, 0, 0, 0, 4, 19
"e:\Projects\Nextjs-projects\icstudio\icstudio\src\lib\db\mongo\mongo.ts", "TypeScript", 0, 0, 0, 0, 0, 51, 0, 0, 0, 0, 0, 0, 0, 1, 14, 66
"e:\Projects\Nextjs-projects\icstudio\icstudio\src\lib\db\mongo\mongodb.ts", "TypeScript", 0, 0, 0, 0, 0, 22, 0, 0, 0, 0, 0, 0, 0, 2, 6, 30
"e:\Projects\Nextjs-projects\icstudio\icstudio\src\lib\db\mongo\schemas\feedback.ts", "TypeScript", 0, 0, 0, 0, 0, 17, 0, 0, 0, 0, 0, 0, 0, 0, 2, 19
"e:\Projects\Nextjs-projects\icstudio\icstudio\src\lib\db\mongo\schemas\user.ts", "TypeScript", 0, 0, 0, 0, 0, 88, 0, 0, 0, 0, 0, 0, 0, 7, 7, 102
"e:\Projects\Nextjs-projects\icstudio\icstudio\src\lib\db\redis\redis.ts", "TypeScript", 0, 0, 0, 0, 0, 16, 0, 0, 0, 0, 0, 0, 0, 0, 8, 24
"e:\Projects\Nextjs-projects\icstudio\icstudio\src\lib\db\redis\use-cache.ts", "TypeScript", 0, 0, 0, 0, 0, 22, 0, 0, 0, 0, 0, 0, 0, 1, 3, 26
"e:\Projects\Nextjs-projects\icstudio\icstudio\src\lib\db\redis\use-publish.ts", "TypeScript", 0, 0, 0, 0, 0, 18, 0, 0, 0, 0, 0, 0, 0, 4, 6, 28
"e:\Projects\Nextjs-projects\icstudio\icstudio\src\lib\services\sms.ts", "TypeScript", 0, 0, 0, 0, 0, 0, 0, 0, 0, 0, 0, 0, 0, 31, 5, 36
"e:\Projects\Nextjs-projects\icstudio\icstudio\src\lib\utils.ts", "TypeScript", 0, 0, 0, 0, 0, 5, 0, 0, 0, 0, 0, 0, 0, 0, 2, 7
"e:\Projects\Nextjs-projects\icstudio\icstudio\src\middleware.ts", "TypeScript", 0, 0, 0, 0, 0, 26, 0, 0, 0, 0, 0, 0, 0, 4, 6, 36
"e:\Projects\Nextjs-projects\icstudio\icstudio\src\store\auth-store.ts", "TypeScript", 0, 0, 0, 0, 0, 45, 0, 0, 0, 0, 0, 0, 0, 0, 3, 48
"e:\Projects\Nextjs-projects\icstudio\icstudio\src\store\profile-store.ts", "TypeScript", 0, 0, 0, 0, 0, 68, 0, 0, 0, 0, 0, 0, 0, 0, 4, 72
"e:\Projects\Nextjs-projects\icstudio\icstudio\src\types\next-auth.d.ts", "TypeScript", 0, 0, 0, 0, 0, 25, 0, 0, 0, 0, 0, 0, 0, 1, 3, 29
"e:\Projects\Nextjs-projects\icstudio\icstudio\src\types\user\user.ts", "TypeScript", 0, 0, 0, 0, 0, 8, 0, 0, 0, 0, 0, 0, 0, 0, 0, 8
"e:\Projects\Nextjs-projects\icstudio\icstudio\src\utils\auth.ts", "TypeScript", 0, 0, 0, 0, 0, 15, 0, 0, 0, 0, 0, 0, 0, 15, 7, 37
"e:\Projects\Nextjs-projects\icstudio\icstudio\tsconfig.json", "JSON with Comments", 0, 0, 0, 0, 0, 0, 0, 0, 27, 0, 0, 0, 0, 0, 1, 28
"e:\Projects\Nextjs-projects\icstudio\loome\loome-doc\api-examples.md", "Markdown", 32, 0, 0, 0, 0, 0, 0, 0, 0, 0, 0, 0, 0, 0, 18, 50
"e:\Projects\Nextjs-projects\icstudio\loome\loome-doc\index.md", "Markdown", 22, 0, 0, 0, 0, 0, 0, 0, 0, 0, 0, 0, 0, 0, 4, 26
"e:\Projects\Nextjs-projects\icstudio\loome\loome-doc\markdown-examples.md", "Markdown", 63, 0, 0, 0, 0, 0, 0, 0, 0, 0, 0, 0, 0, 0, 23, 86
"e:\Projects\Nextjs-projects\icstudio\loome\loome-doc\package.json", "JSON", 0, 10, 0, 0, 0, 0, 0, 0, 0, 0, 0, 0, 0, 0, 0, 10
"e:\Projects\Nextjs-projects\icstudio\loome\loome-doc\pnpm-lock.yaml", "YAML", 0, 0, 0, 1222, 0, 0, 0, 0, 0, 0, 0, 0, 0, 0, 340, 1562
"e:\Projects\Nextjs-projects\icstudio\snakeball-react-main\README.md", "Markdown", 40, 0, 0, 0, 0, 0, 0, 0, 0, 0, 0, 0, 0, 0, 11, 51
"e:\Projects\Nextjs-projects\icstudio\snakeball-react-main\eslint.config.js", "JavaScript", 0, 0, 27, 0, 0, 0, 0, 0, 0, 0, 0, 0, 0, 0, 2, 29
"e:\Projects\Nextjs-projects\icstudio\snakeball-react-main\index.html", "HTML", 0, 0, 0, 0, 0, 0, 0, 0, 0, 0, 0, 0, 13, 0, 1, 14
"e:\Projects\Nextjs-projects\icstudio\snakeball-react-main\package.json", "JSON", 0, 34, 0, 0, 0, 0, 0, 0, 0, 0, 0, 0, 0, 0, 1, 35
"e:\Projects\Nextjs-projects\icstudio\snakeball-react-main\pnpm-lock.yaml", "YAML", 0, 0, 0, 1572, 0, 0, 0, 0, 0, 0, 0, 0, 0, 0, 448, 2020
"e:\Projects\Nextjs-projects\icstudio\snakeball-react-main\public\vite.svg", "XML", 0, 0, 0, 0, 0, 0, 1, 0, 0, 0, 0, 0, 0, 0, 0, 1
"e:\Projects\Nextjs-projects\icstudio\snakeball-react-main\src\App.css", "PostCSS", 0, 0, 0, 0, 0, 0, 0, 0, 0, 37, 0, 0, 0, 0, 6, 43
"e:\Projects\Nextjs-projects\icstudio\snakeball-react-main\src\App.tsx", "TypeScript JSX", 0, 0, 0, 0, 0, 0, 0, 32, 0, 0, 0, 0, 0, 0, 4, 36
"e:\Projects\Nextjs-projects\icstudio\snakeball-react-main\src\assets\react.svg", "XML", 0, 0, 0, 0, 0, 0, 1, 0, 0, 0, 0, 0, 0, 0, 0, 1
"e:\Projects\Nextjs-projects\icstudio\snakeball-react-main\src\components\instrutions\i1.css", "PostCSS", 0, 0, 0, 0, 0, 0, 0, 0, 0, 34, 0, 0, 0, 0, 0, 34
"e:\Projects\Nextjs-projects\icstudio\snakeball-react-main\src\components\instrutions\i1.tsx", "TypeScript JSX", 0, 0, 0, 0, 0, 0, 0, 100, 0, 0, 0, 0, 0, 0, 5, 105
"e:\Projects\Nextjs-projects\icstudio\snakeball-react-main\src\components\instrutions\i2.css", "PostCSS", 0, 0, 0, 0, 0, 0, 0, 0, 0, 26, 0, 0, 0, 0, 0, 26
"e:\Projects\Nextjs-projects\icstudio\snakeball-react-main\src\components\instrutions\i2.tsx", "TypeScript JSX", 0, 0, 0, 0, 0, 0, 0, 106, 0, 0, 0, 0, 0, 0, 4, 110
"e:\Projects\Nextjs-projects\icstudio\snakeball-react-main\src\components\instrutions\i3.css", "PostCSS", 0, 0, 0, 0, 0, 0, 0, 0, 0, 55, 0, 0, 0, 0, 0, 55
"e:\Projects\Nextjs-projects\icstudio\snakeball-react-main\src\components\instrutions\i3.tsx", "TypeScript JSX", 0, 0, 0, 0, 0, 0, 0, 132, 0, 0, 0, 0, 0, 0, 2, 134
"e:\Projects\Nextjs-projects\icstudio\snakeball-react-main\src\components\instrutions\i4.css", "PostCSS", 0, 0, 0, 0, 0, 0, 0, 0, 0, 18, 0, 0, 0, 0, 0, 18
"e:\Projects\Nextjs-projects\icstudio\snakeball-react-main\src\components\instrutions\i4.tsx", "TypeScript JSX", 0, 0, 0, 0, 0, 0, 0, 66, 0, 0, 0, 0, 0, 0, 2, 68
"e:\Projects\Nextjs-projects\icstudio\snakeball-react-main\src\index.css", "PostCSS", 0, 0, 0, 0, 0, 0, 0, 0, 0, 61, 0, 0, 0, 0, 8, 69
"e:\Projects\Nextjs-projects\icstudio\snakeball-react-main\src\layout\background.css", "PostCSS", 0, 0, 0, 0, 0, 0, 0, 0, 0, 20, 0, 0, 0, 1, 3, 24
"e:\Projects\Nextjs-projects\icstudio\snakeball-react-main\src\layout\background.tsx", "TypeScript JSX", 0, 0, 0, 0, 0, 0, 0, 78, 0, 0, 0, 0, 0, 10, 7, 95
"e:\Projects\Nextjs-projects\icstudio\snakeball-react-main\src\layout\loading.css", "PostCSS", 0, 0, 0, 0, 0, 0, 0, 0, 0, 55, 0, 0, 0, 0, 8, 63
"e:\Projects\Nextjs-projects\icstudio\snakeball-react-main\src\layout\loading.tsx", "TypeScript JSX", 0, 0, 0, 0, 0, 0, 0, 154, 0, 0, 0, 0, 0, 3, 12, 169
"e:\Projects\Nextjs-projects\icstudio\snakeball-react-main\src\layout\menu.css", "PostCSS", 0, 0, 0, 0, 0, 0, 0, 0, 0, 158, 0, 0, 0, 0, 4, 162
"e:\Projects\Nextjs-projects\icstudio\snakeball-react-main\src\layout\menu.tsx", "TypeScript JSX", 0, 0, 0, 0, 0, 0, 0, 89, 0, 0, 0, 0, 0, 8, 10, 107
"e:\Projects\Nextjs-projects\icstudio\snakeball-react-main\src\main.tsx", "TypeScript JSX", 0, 0, 0, 0, 0, 0, 0, 9, 0, 0, 0, 0, 0, 0, 2, 11
"e:\Projects\Nextjs-projects\icstudio\snakeball-react-main\src\stores\global.ts", "TypeScript", 0, 0, 0, 0, 0, 237, 0, 0, 0, 0, 0, 0, 0, 5, 17, 259
"e:\Projects\Nextjs-projects\icstudio\snakeball-react-main\src\vite-env.d.ts", "TypeScript", 0, 0, 0, 0, 0, 0, 0, 0, 0, 0, 0, 0, 0, 1, 1, 2
"e:\Projects\Nextjs-projects\icstudio\snakeball-react-main\tsconfig.app.json", "JSON", 0, 22, 0, 0, 0, 0, 0, 0, 0, 0, 0, 0, 0, 2, 3, 27
"e:\Projects\Nextjs-projects\icstudio\snakeball-react-main\tsconfig.json", "JSON with Comments", 0, 0, 0, 0, 0, 0, 0, 0, 7, 0, 0, 0, 0, 0, 1, 8
"e:\Projects\Nextjs-projects\icstudio\snakeball-react-main\tsconfig.node.json", "JSON", 0, 20, 0, 0, 0, 0, 0, 0, 0, 0, 0, 0, 0, 2, 3, 25
"e:\Projects\Nextjs-projects\icstudio\snakeball-react-main\vite.config.ts", "TypeScript", 0, 0, 0, 0, 0, 5, 0, 0, 0, 0, 0, 0, 0, 1, 2, 8
"Total", "-", 385, 5950, 43, 7487, 2, 1767, 1627, 6124, 34, 581, 92, 20, 13, 304, 2951, 27380